5853,595b49f3b39bf100104c11e2,/common/5MBpdf/5853.pdf
5854,595b49f9753bbb0017ddc238,/common/5MBpdf/5854.pdf
5858,595b4a4b753bbb0017ddc23a,/common/5MBpdf/5858.pdf
5860,595b4a58b39bf100104c11e6,/common/5MBpdf/5860.pdf
5864,595b4a9b753bbb0017ddc23d,/common/5MBpdf/5864.pdf
5866,595b4aabb39bf100104c11ea,/common/5MBpdf/5866.pdf
5871,595b4af5b39bf100104c11ee,/common/5MBpdf/5871.pdf
5872,595b4af8753bbb0017ddc244,/common/5MBpdf/5872.pdf
5877,595b4b4eb39bf100104c11f2,/common/5MBpdf/5877.pdf
5878,595b4b52753bbb0017ddc247,/common/5MBpdf/5878.pdf
5894,595b4ba5753bbb0017ddc24a,/common/5MBpdf/5894.pdf
5896,595b4babb39bf100104c11f5,/common/5MBpdf/5896.pdf
5901,595b4bf8753bbb0017ddc24f,/common/5MBpdf/5901.pdf
5902,595b4c13b39bf100104c11fb,/common/5MBpdf/5902.pdf
5906,595b4c49b39bf100104c11fd,/common/5MBpdf/5906.pdf
5907,595b4c6b753bbb0017ddc253,/common/5MBpdf/5907.pdf
5912,595b4cb0b39bf100104c1200,/common/5MBpdf/5912.pdf
5913,595b4cc3753bbb0017ddc256,/common/5MBpdf/5913.pdf
5914,595b4d14b39bf100104c1201,/common/5MBpdf/5914.pdf
5915,595b4d16b39bf100104c1202,/common/5MBpdf/5915.pdf
5916,595b4d66753bbb0017ddc257,/common/5MBpdf/5916.pdf
5917,595b4d78753bbb0017ddc258,/common/5MBpdf/5917.pdf
5918,595b4dcbb39bf100104c1203,/common/5MBpdf/5918.pdf
5919,595b4dccb39bf100104c1204,/common/5MBpdf/5919.pdf
5920,595b4e23b39bf100104c1205,/common/5MBpdf/5920.pdf
5921,595b4e2eb39bf100104c1206,/common/5MBpdf/5921.pdf
5922,595b4e71753bbb0017ddc25d,/common/5MBpdf/5922.pdf
5923,595b4ea3753bbb0017ddc25e,/common/5MBpdf/5923.pdf
5924,595b4ec6b39bf100104c1209,/common/5MBpdf/5924.pdf
5925,595b4efa753bbb0017ddc25f,/common/5MBpdf/5925.pdf
5926,595b4f39753bbb0017ddc260,/common/5MBpdf/5926.pdf
5927,595b4f66b39bf100104c120d,/common/5MBpdf/5927.pdf
5928,595b4f92b39bf100104c120e,/common/5MBpdf/5928.pdf
5929,595b4fcf753bbb0017ddc263,/common/5MBpdf/5929.pdf
5930,595b4ff8753bbb0017ddc264,/common/5MBpdf/5930.pdf
5931,595b501fb39bf100104c120f,/common/5MBpdf/5931.pdf
5932,595b5059b39bf100104c1210,/common/5MBpdf/5932.pdf
5933,595b5079753bbb0017ddc265,/common/5MBpdf/5933.pdf
5934,595b50b9753bbb0017ddc266,/common/5MBpdf/5934.pdf
5935,595b50f1b39bf100104c1211,/common/5MBpdf/5935.pdf
6124,595c8f66dcbdae0016738ee2,/common/5MBpdf/6124.pdf
6126,595c8f66dcbdae0016738ee4,
6128,595c8f66dcbdae0016738ee8,
6131,595c8f66dcbdae0016738eea,
6132,595c8f66dcbdae0016738eee,
6135,595c8f66dcbdae0016738ef0,
6142,595c8f66dcbdae0016738ef8,
6145,595c8f66dcbdae0016738ef9,
6147,595c8f66dcbdae0016738eff,
6150,595c8f66dcbdae0016738f01,
6153,595c8f66dcbdae0016738f05,
6160,595c8f66dcbdae0016738f07,
6163,595c8f66dcbdae0016738f0c,
6164,595c8f66dcbdae0016738f0e,
6165,595c8f66dcbdae0016738f12,
6169,595c8f66dcbdae0016738f14,
6171,595c8f66dcbdae0016738f17,
6172,595c8f67dcbdae0016738f18,
6173,595c8f67dcbdae0016738f19,
6174,595c8f67dcbdae0016738f1a,
6175,595c8f67dcbdae0016738f1b,
6176,595c8f67dcbdae0016738f1c,
6177,595c8f67dcbdae0016738f1d,
6180,595c8f67dcbdae0016738f1e,
6181,595c8f67dcbdae0016738f1f,
6182,595c8f67dcbdae0016738f20,
6183,595c8f67dcbdae0016738f24,
6184,595c8f67dcbdae0016738f25,
6185,595c8f67dcbdae0016738f26,
6187,595c8f67dcbdae0016738f27,
6188,595c8f67dcbdae0016738f29,
6190,595c8f67dcbdae0016738f2a,
6191,595c8f67dcbdae0016738f2b,
6192,595c8f67dcbdae0016738f2c,
6201,595c8f67dcbdae0016738f2d,
6203,595c8f67dcbdae0016738f2e,
6204,595c8f67dcbdae0016738f2f,
6205,595c8f67dcbdae0016738f30,
5853,595c8f67dcbdae0016738f31,
,"595c8f67dcbdae0016738f32"")",
